category,lang,topic
general,ar,هل التخلي عن الهواتف الذكية ليوم واحد في الأسبوع يجعلك أكثر سعادة؟
general,ar,لماذا أصبح التركيز على الحاضر أصعب من التخطيط للمستقبل؟
general,ar,هل السعي المستمر للسعادة هو سبب تعاسة جيلنا اليوم؟
general,ar,النجاح صدفة أكثر من كونه نتيجة للعمل الجاد والتخطيط المسبق.
general,ar,هل ينبغي أن يكون العمل التطوعي إجبارياً للجميع؟
general,ar,الخصوصية أصبحت مجرد وهم في عالمنا الرقمي المفتوح والمترابط.
general,ar,هل التفاؤل المفرط يجعلك أكثر عرضة للفشل والصدمات في حياتك؟
general,ar,لماذا نفضل دائماً الراحة المؤقتة على النمو الشخصي طويل الأمد؟
general,ar,هل أصبح مصطلح الشغف كذبة نروجها للهروب من واقع العمل؟
general,ar,كيف يغير السفر طريقة نظرتك للأشياء المألوفة في حياتك اليومية؟
general,en,Is abandoning smartphones for one day a week the key to happiness?
general,en,Why has focusing on the present become harder than planning the future?
general,en,Is the constant pursuit of happiness the reason our generation is unhappy?
general,en,Success is more about pure luck than hard work and strict planning.
general,en,Should community volunteering be mandatory for every able citizen?
general,en,Privacy has become a complete illusion in our hyper-connected modern world.
general,en,Does excessive optimism make you more vulnerable to failure and trauma?
general,en,Why do we often choose temporary comfort over long-term personal growth?
general,en,Has following your passion become a lie we use to avoid reality?
general,en,How does traveling fundamentally change your view of everyday life?
tech,ar,هل يجب منع الذكاء الاصطناعي من اتخاذ قرارات مصيرية في الرعاية الصحية؟
tech,ar,هل ستنهي نظارات الواقع المعزز عصر الهواتف الذكية في المستقبل القريب؟
tech,ar,لماذا أصبحت الخوارزميات تتحكم في مزاجنا اليومي أكثر من أي شيء آخر؟
tech,ar,التطور التقني السريع يدمر الوظائف الإبداعية بدلاً من تعزيزها وتطويرها.
tech,ar,هل التخلي عن وسائل التواصل الاجتماعي هو التمرد الجديد في عصرنا؟
tech,ar,هل يجب أن تدفع شركات التقنية ضرائب مقابل استخدام بياناتنا الشخصية؟
tech,ar,الروبوتات المنزلية والذكية ستجعلنا أكثر كسلاً وانعزالاً عن بعضنا البعض.
tech,ar,هل سنشهد يوماً تندمج فيه عقولنا مباشرة مع شبكة الإنترنت؟
tech,ar,الخوف من الذكاء الاصطناعي مبالغ فيه ويقف عائقاً أمام تقدم البشرية.
tech,ar,هل من الأخلاقي استخدام تقنية التزييف العميق في صناعة الترفيه والأفلام؟
tech,en,Should AI be permanently banned from making life-altering decisions in healthcare?
tech,en,Will augmented reality glasses completely replace smartphones in the near future?
tech,en,Why do algorithmic feeds control our daily moods more than anything else?
tech,en,Rapid technological advancement is destroying creative jobs instead of enhancing them.
tech,en,Is quitting all social media the ultimate modern act of rebellion?
tech,en,Should major tech companies pay taxes directly for using our personal data?
tech,en,Domestic smart robots will eventually make humanity lazier and more socially isolated.
tech,en,Will we ever see a day when human brains merge seamlessly with the internet?
tech,en,The fear of artificial intelligence is greatly exaggerated and hinders human progress.
tech,en,Is it highly unethical to use deepfake technology for entertainment and movies?
finance,ar,هل الاستثمار في العملات الرقمية هو مستقبل المال أم مجرد فقاعة مؤقتة؟
finance,ar,لماذا لم يعد الراتب الثابت كافياً لبناء ثروة في وقتنا الحالي؟
finance,ar,هل التوفير المفرط للمال يحرمنا من الاستمتاع بأفضل سنوات حياتنا؟
finance,ar,الثقافة المالية أهم بكثير من الشهادة الجامعية في تحقيق الاستقرار المادي.
finance,ar,هل شراء منزل اليوم لا يزال استثماراً ذكياً أم عبئاً مالياً ثقيلاً؟
finance,ar,لماذا يخاف معظم الناس بشدة من بدء مشاريعهم التجارية الخاصة؟
finance,ar,هل العمل الحر يمنحك حرية مالية أم قلقاً مستمراً لا ينتهي؟
finance,ar,الديون أداة ضرورية وممتازة للنجاح المالي إذا تم استخدامها بذكاء وحذر.
finance,ar,هل يجب أن تتدخل الحكومة لتحديد سقف أعلى لرواتب المديرين التنفيذيين؟
finance,ar,الانتقال إلى مجتمع بلا نقد يهدد استقلالنا المالي والحرية الشخصية.
finance,en,Is investing in cryptocurrency the true future of money or just a bubble?
finance,en,Why is a steady corporate salary no longer enough to build wealth today?
finance,en,Does extreme frugality actually rob us of enjoying the best years of life?
finance,en,Financial literacy is far more crucial than a university degree for stability.
finance,en,Is buying a house today still a smart investment or a massive burden?
finance,en,Why are most people completely terrified of starting their own businesses?
finance,en,Does freelancing give you financial freedom or just endless, crippling anxiety?
finance,en,Debt is a highly necessary tool for financial success if used intelligently.
finance,en,Should governments actively intervene to set a maximum cap on CEO salaries?
finance,en,Moving towards a completely cashless society deeply threatens our personal independence.
interview,ar,هل مهارات التواصل أهم من الخبرة التقنية في الحصول على الوظيفة المطلوبة؟
interview,ar,لماذا تعتبر فترات الانقطاع عن العمل نقطة ضعف خطيرة في السيرة الذاتية؟
interview,ar,هل أسئلة المقابلات التقليدية ما زالت فعالة في تقييم كفاءة المرشحين؟
interview,ar,المظهر الشخصي يلعب دوراً حاسماً ومخفياً في معظم قرارات التوظيف الحالية.
interview,ar,هل من حق الشركات فحص حساباتك الشخصية على وسائل التواصل الاجتماعي قبل التوظيف؟
interview,ar,لماذا يُعتبر طلب راتب مرتفع جداً في المقابلة الأولى مخاطرة كبيرة؟
interview,ar,الثقة الزائدة في النفس أثناء المقابلة قد تتحول بسهولة إلى غطرسة منفرة.
interview,ar,هل العمل عن بعد جعل مقابلات العمل أقل شخصية وأكثر سطحية؟
interview,ar,الصراحة المطلقة حول نقاط ضعفك قد تدمر فرصتك في التوظيف بشكل كامل.
interview,ar,هل ينبغي أن تكون فترة التجربة الأولى في العمل مدفوعة الأجر بالكامل؟
interview,en,Are soft skills genuinely more important than technical expertise for getting hired?
interview,en,Why are long career gaps still unfairly judged as a major weakness?
interview,en,Are traditional interview questions still effective at evaluating a candidate's true competence?
interview,en,Personal physical appearance plays a massive, unspoken role in final hiring decisions.
interview,en,Do companies have the ethical right to screen your personal social media accounts?
interview,en,Why is aggressively negotiating for a high salary in the first interview considered risky?
interview,en,Overconfidence during a job interview can easily be perceived as obnoxious arrogance.
interview,en,Has the shift to remote work made job interviews feel less personal and superficial?
interview,en,Absolute honesty about your worst weaknesses can completely destroy your hiring chances.
interview,en,Should mandatory probation or trial periods at a new job be fully paid?
hot_takes,ar,إنتاجية الموظفين الحقيقية لا تتطلب أكثر من أربع ساعات عمل فعلية يومياً.
hot_takes,ar,الزواج التقليدي أثبت تاريخياً أنه أكثر استقراراً من زيجات الحب الحديثة.
hot_takes,ar,الديمقراطية في شكلها الحالي لم تعد تصلح لإدارة أزمات القرن الحادي والعشرين.
hot_takes,ar,السفر بغرض السياحة أصبح مجرد استعراض فارغ على منصات التواصل الاجتماعي.
hot_takes,ar,نحن نهتم برفاهية الحيوانات الأليفة أكثر من اهتمامنا بمساعدة الفقراء والمشردين.
hot_takes,ar,الأفلام القديمة أفضل بكثير من الإنتاجات السينمائية الحديثة المليئة بالمؤثرات البصرية.
hot_takes,ar,قراءة الكتب الورقية مجرد حنين للماضي وليست أفضل إطلاقاً من القراءة الرقمية.
hot_takes,ar,العمل من المكتب يومياً مضيعة للوقت والطاقة والمال دون فائدة حقيقية.
hot_takes,ar,الاعتذار العلني للمشاهير في الأزمات غالباً ما يكون مجرد خطوة علاقات عامة مزيفة.
hot_takes,ar,درجاتك الجامعية العالية لا تعكس مستوى ذكائك أو قدرتك على تحقيق النجاح.
hot_takes,en,Actual employee productivity only requires a maximum of four hours of work daily.
hot_takes,en,Arranged marriages are consistently proving to be more stable than modern love matches.
hot_takes,en,Democracy in its current form is ill-equipped to handle twenty-first-century global crises.
hot_takes,en,Traveling for tourism has sadly devolved into just showing off on social media. 
hot_takes,en,Modern society cares more about pets than it does about helping homeless humans.
hot_takes,en,Classic movies are vastly superior to modern, CGI-heavy, plotless cinematic productions.
hot_takes,en,Reading physical books is just pure nostalgia and is not better than digital reading. 
hot_takes,en,Working five days from an office is a pointless waste of time and energy.
hot_takes,en,Public apologies by celebrities are almost always just fake PR stunts to save careers.
hot_takes,en,Your high university grades completely fail to reflect your intelligence or potential success.
health,ar,هل هوسنا الحالي بالأكل الصحي تحول إلى اضطراب غذائي غير مشخص طبياً؟
health,ar,لماذا نتجاهل الصحة النفسية باستمرار حتى نصل إلى حافة الانهيار العصبي التام؟
health,ar,هل تطبيقات تتبع النوم تزيد من قلقنا ليلاً بدلاً من تحسين جودة راحتنا؟
health,ar,ممارسة الرياضة وحدها لا تكفي إطلاقاً لخسارة الوزن بدون تغيير جذري في العقلية.
health,ar,هل تحول الطب البديل اليوم إلى تجارة تستغل يأس المرضى للشفاء السريع؟
health,ar,الجلوس لفترات طويلة هو التدخين الجديد الذي يهدد صحة جيلنا الصامتة.
health,ar,هل تساهم الفيتامينات والمكملات الغذائية في تحسين صحتنا فعلاً أم أنها مجرد وهم؟
health,ar,لماذا نجد صعوبة بالغة في الالتزام بروتين صحي رغم معرفتنا الأكيدة بفوائده؟
health,ar,هل أصبح الصيام المتقطع مجرد موضة صحية عابرة أم أسلوب حياة مستدام؟
health,ar,هل يمكن أن يؤدي الهوس الحديث بالإنتاجية إلى تدمير صحتنا الجسدية والنفسية؟
health,en,Has our obsession with eating strictly healthy food become an undiagnosed eating disorder?
health,en,Why do we consistently ignore mental health struggles until we reach a total breakdown?
health,en,Do modern sleep-tracking apps actually increase our anxiety instead of improving our rest?
health,en,Exercise alone is completely useless for long-term weight loss without a massive mindset shift.
health,en,Has alternative medicine simply become a lucrative business exploiting patients' desperation for cures?
health,en,Prolonged sitting is the dangerous new smoking that is quietly destroying our generation's health. 
health,en,Do daily vitamins and dietary supplements actually improve health, or are they a scam?
health,en,Why is it incredibly hard to stick to healthy routines despite fully knowing their benefits?
health,en,Is intermittent fasting just a passing wellness trend or a truly sustainable lifestyle?
health,en,Can the modern corporate obsession with constant productivity eventually destroy our physical well-being?
culture,ar,هل العولمة تدمر ببطء الهويات الثقافية المحلية أم تدمجها في نسيج عالمي متطور؟
culture,ar,لماذا يميل الشباب بشدة إلى تقليد الثقافات الغربية وتجاهل تراثهم المحلي الخاص؟
culture,ar,هل يمكن للفن أن يحدث تغييراً سياسياً واجتماعياً حقيقياً أم أنه يعكس الواقع فقط؟
culture,ar,ثقافة الإلغاء الحالية تمنع حرية التعبير وتخلق مجتمعاً هشاً مليئاً بالنفاق والخوف.
culture,ar,هل فقدت المهرجانات الثقافية قيمتها الأصلية وتحولت إلى مناسبات تجارية بحتة ومبتذلة؟
culture,ar,اللغة العامية تقتل الفصحى ببطء شديد وتفصلنا عن تاريخنا الأدبي والثقافي العريق.
culture,ar,هل تحول الاهتمام بالتنوع الثقافي في السينما إلى مجرد إرضاء سطحي للجمهور؟
culture,ar,لماذا نميل دائماً إلى تقديس الماضي واعتباره أجمل وأفضل من حاضرنا الذي نعيشه؟
culture,ar,هل يمكن لمجتمع أن يتطور تقنياً ويحتفظ تماماً بقيمه الثقافية التقليدية المتوارثة؟
culture,ar,الميمز والنكات الرقمية أصبحت اللغة الثقافية الموحدة التي يفهمها شباب العالم اليوم.
culture,en,Is rapid globalization actively destroying local cultural identities or weaving them into something beautiful?
culture,en,Why do younger generations tend to strongly mimic Western cultures while ignoring their rich heritage?
culture,en,Can modern art actually drive real political change, or does it merely reflect reality?
culture,en,Cancel culture actively suppresses free speech and creates a deeply fragile society of hypocrites.
culture,en,Have traditional cultural festivals lost their value, turning into purely commercial, soulless corporate events?
culture,en,Using internet slang is slowly killing formal languages and disconnecting us from our historical literature.
culture,en,Has the heavy push for diversity in movies become just forced, superficial audience pandering?
culture,en,Why do we constantly romanticize the distant past, believing it was infinitely better than today?
culture,en,Can a society rapidly advance technologically while strictly maintaining its core traditional cultural values?
culture,en,Internet memes have officially become the universal cultural language of the modern global youth.
education,ar,هل الشهادات الجامعية في طريقها السريع لفقدان قيمتها تماماً أمام المهارات العملية؟
education,ar,لماذا لا تقوم المدارس بتعليم مهارات الحياة الأساسية كإدارة المال والذكاء العاطفي؟
education,ar,التعلم الذاتي المستمر عبر الإنترنت سيقضي على الجامعات التقليدية خلال العقد القادم.
education,ar,هل نظام التقييم بالدرجات يقتل الإبداع الطلابي ويشجع على الحفظ بدلاً من الفهم؟
education,ar,الواجبات المنزلية تشكل ضغطاً نفسياً هائلاً على الطلاب ولا تساهم في تحسين مستواهم.
education,ar,هل يجب أن يكون التعليم الجامعي العالي مجانياً ومتاحاً للجميع كحق إنساني أساسي؟
education,ar,استخدام الذكاء الاصطناعي في كتابة الأبحاث المدرسية يجب أن يُعتبر مهارة وليس غشاً أكاديمياً.
education,ar,المعلم التقليدي سيتحول قريباً إلى مجرد مرشد أكاديمي في عصر التكنولوجيا والتعليم الرقمي.
education,ar,هل الفصل التام بين الجنسين في المدارس يحسن الأداء الأكاديمي أم يعيق التطور الاجتماعي؟
education,ar,التعليم المبكر الصارم والمكثف يحرم الأطفال من طفولتهم ومن متعة الاكتشاف الحر.
education,en,Are traditional university degrees quickly losing their value in the face of practical digital skills?
education,en,Why don't public schools teach essential life skills like personal finance and emotional intelligence?
education,en,Online self-education and certifications will completely eradicate traditional universities within the next decade.
education,en,Does the strict grading system kill creative thinking and encourage rote memorization over true understanding?
education,en,Daily homework causes immense psychological stress and does not actually improve real academic performance.
education,en,Should all higher education be entirely free and universally accessible as a basic human right?
education,en,Using AI tools to write academic papers should be considered a modern skill, not cheating.
education,en,Traditional classroom teachers will soon be reduced to mere academic facilitators in the tech era.
education,en,Does gender-segregated education significantly improve academic performance or deeply hinder normal social development?
education,en,Strict early childhood education unfairly robs young children of their youth and the joy of discovery.
relationship,ar,هل جعلت تطبيقات المواعدة إيجاد الحب الحقيقي أسهل أم شبه مستحيل في عصرنا؟
relationship,ar,الصداقات القوية بين الجنسين نادراً ما تنجح أو تستمر دون تعقيدات عاطفية خفية ومزعجة.
relationship,ar,هل التوقعات الرومانسية غير الواقعية المستمدة من الأفلام تدمر علاقاتنا العاطفية الحقيقية؟
relationship,ar,البقاء وحيداً أفضل بكثير من الاستمرار مجبراً في علاقة مريحة ولكنها خالية من الشغف.
relationship,ar,هل يجب أن يعرف الشريكان كل تفاصيل الماضي العاطفي الدقيقة لبعضهما البعض؟
relationship,ar,الاستقلال المادي التام والمطلق بين الزوجين يقلل من الرابطة العاطفية والاعتماد المتبادل.
relationship,ar,هل الاختلافات العميقة في الآراء السياسية تحكم على أي علاقة عاطفية بالفشل الحتمي؟
relationship,ar,لماذا أصبح الهروب والانفصال أسهل بكثير من محاولة إصلاح المشاكل في العلاقات الحديثة؟
relationship,ar,هل من الممكن حقاً الحفاظ على الصداقات العميقة بعد الدخول في علاقة زواج مستقرة؟
relationship,ar,مشاركة تفاصيل العلاقة الزوجية بكثرة على وسائل التواصل الاجتماعي هي علامة مؤكدة على عدم استقرارها.
relationship,en,Have modern dating apps made finding true, lasting love easier or virtually impossible today?
relationship,en,Platonic friendships between heterosexual men and women rarely work without hidden romantic complications arising.
relationship,en,Do completely unrealistic romantic expectations derived from movies destroy our real-life intimate relationships?
relationship,en,Staying happily single is vastly better than remaining in a comfortable but entirely passionless relationship.
relationship,en,Should long-term partners know absolutely every tiny detail of each other's complex romantic pasts?
relationship,en,Total financial independence between married couples significantly weakens their emotional bond and mutual reliance. 
relationship,en,Do massive differences in core political opinions doom any romantic relationship to inevitable failure?
relationship,en,Why has simply walking away become much easier than trying to fix problems in modern relationships?
relationship,en,Is it truly possible to maintain your deep friendships after entering a highly committed marriage?
relationship,en,Constantly oversharing relationship details on social media is a guaranteed sign of deep internal insecurity.
mindset,ar,هل القناعة كنز لا يفنى حقاً أم أنها مجرد ذريعة للكسل والتوقف عن الطموح؟
mindset,ar,عقلية الضحية وإلقاء اللوم هي العائق الأكبر والأخطر أمام نجاح أي شخص في الحياة.
mindset,ar,هل التفكير الإيجابي المستمر مجرد وهم سام يمنعنا من التعامل مع الواقع بجدية؟
mindset,ar,الفشل ليس دائماً خطوة للوراء نحو النجاح، أحياناً يكون مجرد فشل يحتاج لتقبله بهدوء.
mindset,ar,هل التنافس المستمر مع الآخرين يدفعنا للنجاح أم يدمر سلامنا النفسي والداخلي تدريجياً؟
mindset,ar,كيف يغير التخلي عن الحاجة الماسة لإثبات نفسك للآخرين مجرى حياتك بالكامل؟
mindset,ar,المرونة النفسية والقدرة على التكيف أهم بكثير من الذكاء في تجاوز أزمات الحياة.
mindset,ar,هل الشعور المفرط بالاستحقاق هو مرض العصر الذي يفسد طموحات جيل الشباب الحالي؟
mindset,ar,التوقف التام عن الاهتمام بآراء الناس وانتقاداتهم هو أول خطوة حقيقية نحو الحرية الشخصية.
mindset,ar,هل من الممكن فعلاً تغيير شخصيتك الأساسية من الجذور أم أننا نتعلم فقط كيف نتأقلم؟
mindset,en,Is deep contentment an endless treasure or just a highly convenient excuse for daily laziness?
mindset,en,A chronic victim mentality is the single biggest obstacle to anyone's ultimate success in life.
mindset,en,Is modern toxic positivity just a delusion that actively prevents us from dealing with reality?
mindset,en,Failure isn't always a magical stepping stone to success; sometimes it's just plain, painful failure.
mindset,en,Does constantly competing with others drive us to succeed or permanently destroy our inner peace?
mindset,en,How does completely abandoning the need to prove yourself to others radically change your life?
mindset,en,Mental resilience is far more important than raw academic intelligence in overcoming life's major crises.
mindset,en,Is a profound, unjustified sense of entitlement the modern disease ruining younger generations' real ambitions?
mindset,en,Stopping caring about what other people think is the absolute first step to true freedom.
mindset,en,Is it actually possible to change your core human personality, or do we just adapt?